{
    "category": "Audio",
    "predicted_market_price": 1587.3233032226562,
    "manufacturing_cost": 700.0,
    "recommended_price": 1190.4924774169922,
    "min_competitive_price": 1190.4924774169922,
    "max_competitive_price": 1349.2248077392578,
    "minimum_viable_price": 795.4545454545455,
    "profit_margin": 0.412008044335746,
    "profit_margin_percentage": 41.2008044335746,
    "discount_from_market": 25.0,
    "market_saturation": "high",
    "brand_strength": "high",
    "price_elasticity": -1.5,
    "estimated_sales_impact": 37.5,
    "strategy": "Premium Audio Experience",
    "market_position_percentile": 26.064912008769838
}