{
    "category": "Audio",
    "predicted_market_price": 1733.131103515625,
    "manufacturing_cost": 700.0,
    "recommended_price": 1299.8483276367188,
    "min_competitive_price": 1299.8483276367188,
    "max_competitive_price": 1473.1614379882812,
    "minimum_viable_price": 795.4545454545455,
    "profit_margin": 0.46147563133563085,
    "profit_margin_percentage": 46.14756313356308,
    "discount_from_market": 25.0,
    "market_saturation": "medium",
    "brand_strength": "medium",
    "price_elasticity": -1.5,
    "estimated_sales_impact": 37.5,
    "strategy": "Aggressive Market Entry",
    "market_position_percentile": 26.673052650632403
}