{
    "category": "Audio",
    "predicted_market_price": 1587.3233032226562,
    "manufacturing_cost": 700.0,
    "recommended_price": 1269.858642578125,
    "min_competitive_price": 1269.858642578125,
    "max_competitive_price": 1428.5909729003906,
    "minimum_viable_price": 795.4545454545455,
    "profit_margin": 0.44875754156476183,
    "profit_margin_percentage": 44.875754156476184,
    "discount_from_market": 20.0,
    "market_saturation": "medium",
    "brand_strength": "high",
    "price_elasticity": -1.5,
    "estimated_sales_impact": 30.0,
    "strategy": "Premium Audio Experience",
    "market_position_percentile": 26.506276513058197
}